{
    "Accuracy":{
        "baichuan2-13b-base":0.2,
        "baichuan2-13b-chat":0.4,
        "baichuan2-7b-chat":0.5,
        "infini-megrez-7b":0.1,
        "llama-2-13b-chat":0.6,
        "llama-2-7b-chat":0.4,
        "qwen-14b-chat":0.7,
        "qwen-72b":0.7,
        "qwen-72b-chat":0.6,
        "qwen-7b-chat":0.3,
        "qwen1.5-14b-chat":0.8,
        "qwen1.5-72b":0.7,
        "qwen1.5-7b-chat":0.6
    },
    "Nan_Ratio":{
        "baichuan2-13b-base":0.5,
        "baichuan2-13b-chat":0.1,
        "baichuan2-7b-chat":0.1,
        "infini-megrez-7b":0.1,
        "llama-2-13b-chat":0.0,
        "llama-2-7b-chat":0.1,
        "qwen-14b-chat":0.1,
        "qwen-72b":0.1,
        "qwen-72b-chat":0.1,
        "qwen-7b-chat":0.0,
        "qwen1.5-14b-chat":0.0,
        "qwen1.5-72b":0.1,
        "qwen1.5-7b-chat":0.0
    },
    "RE_List":{
        "baichuan2-13b-base":[
            10,
            10,
            10,
            10,
            0.9916666667,
            0.9999751984,
            10,
            0.0000000003,
            0.0,
            0.5334745361
        ],
        "baichuan2-13b-chat":[
            0.0,
            0.75,
            0.0357142857,
            0.9464285714,
            0.0,
            9.0,
            10,
            0.0,
            0.0000095898,
            0.5874010518
        ],
        "baichuan2-7b-chat":[
            0.0,
            0.75,
            0.9642857143,
            0.994047619,
            0.0,
            10,
            10,
            0.0,
            0.0000000003,
            0.0000000001
        ],
        "infini-megrez-7b":[
            0.8,
            0.9166666667,
            0.6785714286,
            0.9464285714,
            0.9916666667,
            0.9999751984,
            10,
            0.0000008447,
            0.4142135627,
            0.5874010518
        ],
        "llama-2-13b-chat":[
            0.0,
            1.0833333333,
            0.0357142857,
            0.9464285714,
            0.0,
            0.0,
            0.5874010518,
            0.0000095898,
            0.0000008447,
            0.0000006725
        ],
        "llama-2-7b-chat":[
            1.0,
            1.0833333333,
            0.1428571429,
            0.8571428571,
            0.0,
            0.0,
            10,
            0.0000008447,
            0.0000000003,
            2.1748021037
        ],
        "qwen-14b-chat":[
            0.0,
            0.75,
            0.0,
            0.9464285714,
            0.0,
            0.0,
            10,
            0.0,
            0.0000000003,
            0.0000167074
        ],
        "qwen-72b":[
            0.0,
            0.75,
            0.0,
            0.9464285714,
            0.0,
            0.0,
            10,
            0.0,
            0.0001510111,
            0.0000000397
        ],
        "qwen-72b-chat":[
            0.0,
            1.0,
            0.5714285714,
            10,
            0.0,
            0.0,
            10,
            0.0,
            0.0000000003,
            0.0000000001
        ],
        "qwen-7b-chat":[
            0.0,
            0.75,
            0.0,
            0.9464285714,
            0.9,
            0.9861111111,
            1.1556925922,
            0.0000008447,
            0.4142135627,
            0.5874010518
        ],
        "qwen1.5-14b-chat":[
            0.0,
            0.95,
            0.0,
            0.994047619,
            0.0,
            0.0,
            0.0000006725,
            0.0000008447,
            0.0000000003,
            0.0000000001
        ],
        "qwen1.5-72b":[
            0.0,
            0.0,
            0.0,
            0.994047619,
            0.0,
            0.0,
            10,
            0.0005069574,
            0.0000000003,
            0.0000000001
        ],
        "qwen1.5-7b-chat":[
            0.0,
            0.95,
            0.0,
            0.9464285714,
            0.0,
            0.0,
            0.0000006725,
            0.0000008447,
            0.4142135627,
            0.1224620482
        ]
    }
}