{
    "1-1_2_high_freq_ent_sample.json":{
        "baichuan2-13b-base":0.6,
        "baichuan2-13b-chat":0.6666666667,
        "baichuan2-7b-chat":0.72,
        "infini-megrez-7b":0.5333333333,
        "llama-2-13b-chat":0.7333333333,
        "llama-2-70b":0.5333333333,
        "llama-2-70b-chat":0.55,
        "llama-2-7b-chat":0.6666666667,
        "llama-3-8b-instruct":0.5333333333,
        "qwen-14b-chat":0.4666666667,
        "qwen-72b":0.5333333333,
        "qwen-72b-chat":0.7333333333,
        "qwen-7b-chat":0.7333333333,
        "qwen1.5-14b-chat":0.7333333333,
        "qwen1.5-72b":0.4666666667,
        "qwen1.5-7b-chat":0.7333333333
    },
    "1-2_1_low_freq_ent_sample.json":{
        "baichuan2-13b-base":0.6,
        "baichuan2-13b-chat":0.6,
        "baichuan2-7b-chat":0.6,
        "infini-megrez-7b":0.8,
        "llama-2-13b-chat":0.6,
        "llama-2-70b":0.8,
        "llama-2-70b-chat":0.4,
        "llama-2-7b-chat":0.4,
        "llama-3-8b-instruct":0.8,
        "qwen-14b-chat":1.0,
        "qwen-72b":0.6,
        "qwen-72b-chat":0.4,
        "qwen-7b-chat":0.6,
        "qwen1.5-14b-chat":1.0,
        "qwen1.5-72b":0.8,
        "qwen1.5-7b-chat":0.6
    },
    "1-3_r_1_simple_sample_sample.json":{
        "baichuan2-13b-base":1.0,
        "baichuan2-13b-chat":1.0,
        "baichuan2-7b-chat":0.8,
        "infini-megrez-7b":1.0,
        "llama-2-13b-chat":0.6333333333,
        "llama-2-70b":1.0,
        "llama-2-70b-chat":1.0,
        "llama-2-7b-chat":0.6666666667,
        "llama-3-8b-instruct":0.6,
        "qwen-14b-chat":0.8,
        "qwen-72b":0.6,
        "qwen-72b-chat":0.8,
        "qwen-7b-chat":0.6,
        "qwen1.5-14b-chat":0.8,
        "qwen1.5-72b":1.0,
        "qwen1.5-7b-chat":0.8
    },
    "2-1_COPEN++csj_sample.json":{
        "baichuan2-13b-base":0.6,
        "baichuan2-13b-chat":1.0,
        "baichuan2-7b-chat":1.0,
        "infini-megrez-7b":0.8,
        "llama-2-13b-chat":0.6,
        "llama-2-70b":1.0,
        "llama-2-70b-chat":1.0,
        "llama-2-7b-chat":1.0,
        "llama-3-8b-instruct":1.0,
        "qwen-14b-chat":0.8,
        "qwen-72b":0.8,
        "qwen-72b-chat":1.0,
        "qwen-7b-chat":1.0,
        "qwen1.5-14b-chat":1.0,
        "qwen1.5-72b":1.0,
        "qwen1.5-7b-chat":0.8
    },
    "2-2_COPEN++cpj_sample.json":{
        "baichuan2-13b-base":0.6,
        "baichuan2-13b-chat":0.2,
        "baichuan2-7b-chat":0.4,
        "infini-megrez-7b":0.6,
        "llama-2-13b-chat":0.2,
        "llama-2-70b":0.7,
        "llama-2-70b-chat":0.4,
        "llama-2-7b-chat":0.2,
        "llama-3-8b-instruct":0.6,
        "qwen-14b-chat":0.8,
        "qwen-72b":0.4,
        "qwen-72b-chat":0.6,
        "qwen-7b-chat":0.4,
        "qwen1.5-14b-chat":0.4,
        "qwen1.5-72b":0.4,
        "qwen1.5-7b-chat":0.4
    },
    "2-3_COPEN++cic_sample.json":{
        "baichuan2-13b-base":0.6,
        "baichuan2-13b-chat":0.6,
        "baichuan2-7b-chat":0.4,
        "infini-megrez-7b":0.4,
        "llama-2-13b-chat":0.4,
        "llama-2-70b":0.4,
        "llama-2-70b-chat":0.4,
        "llama-2-7b-chat":0.4,
        "llama-3-8b-instruct":0.4,
        "qwen-14b-chat":0.4,
        "qwen-72b":0.2,
        "qwen-72b-chat":0.6,
        "qwen-7b-chat":0.6,
        "qwen1.5-14b-chat":0.6,
        "qwen1.5-72b":0.2,
        "qwen1.5-7b-chat":0.4
    },
    "2-4_FewNERD++inter_sample.json":{
        "baichuan2-13b-base":0.8,
        "baichuan2-13b-chat":0.0,
        "baichuan2-7b-chat":0.4,
        "infini-megrez-7b":0.2,
        "llama-2-13b-chat":0.2,
        "llama-2-70b":0.8,
        "llama-2-70b-chat":0.0,
        "llama-2-7b-chat":0.6,
        "llama-3-8b-instruct":0.0,
        "qwen-14b-chat":0.0,
        "qwen-72b":0.4,
        "qwen-72b-chat":0.0,
        "qwen-7b-chat":0.2,
        "qwen1.5-14b-chat":0.0,
        "qwen1.5-72b":0.0,
        "qwen1.5-7b-chat":0.2
    },
    "2-4_FewNERD++intra_sample.json":{
        "baichuan2-13b-base":0.8,
        "baichuan2-13b-chat":0.0,
        "baichuan2-7b-chat":0.0,
        "infini-megrez-7b":0.8,
        "llama-2-13b-chat":0.4,
        "llama-2-70b":0.6,
        "llama-2-70b-chat":0.4,
        "llama-2-7b-chat":0.6,
        "llama-3-8b-instruct":0.4,
        "qwen-14b-chat":0.0,
        "qwen-72b":0.2,
        "qwen-72b-chat":0.0,
        "qwen-7b-chat":0.0,
        "qwen1.5-14b-chat":0.2,
        "qwen1.5-72b":0.2,
        "qwen1.5-7b-chat":0.2
    },
    "2-4_FewNERD++supervised_sample.json":{
        "baichuan2-13b-base":0.8,
        "baichuan2-13b-chat":0.4,
        "baichuan2-7b-chat":0.6333333333,
        "infini-megrez-7b":0.8,
        "llama-2-13b-chat":0.8,
        "llama-2-70b":0.5117647059,
        "llama-2-70b-chat":0.6,
        "llama-2-7b-chat":0.4666666667,
        "llama-3-8b-instruct":0.6,
        "qwen-14b-chat":0.6,
        "qwen-72b":0.6,
        "qwen-72b-chat":0.4666666667,
        "qwen-7b-chat":0.4,
        "qwen1.5-14b-chat":0.2666666667,
        "qwen1.5-72b":0.6,
        "qwen1.5-7b-chat":0.4
    },
    "2-5_DocRED_sample.json":{
        "baichuan2-13b-base":1.0,
        "baichuan2-13b-chat":0.975,
        "baichuan2-7b-chat":1.0,
        "infini-megrez-7b":1.0,
        "llama-2-13b-chat":1.0,
        "llama-2-70b":0.75,
        "llama-2-70b-chat":1.0,
        "llama-2-7b-chat":1.0,
        "llama-3-8b-instruct":1.0,
        "qwen-14b-chat":0.5,
        "qwen-72b":1.0,
        "qwen-72b-chat":0.70625,
        "qwen-7b-chat":1.0,
        "qwen1.5-14b-chat":0.9166666667,
        "qwen1.5-72b":1.0,
        "qwen1.5-7b-chat":0.8173076923
    },
    "2-6_MAVEN_sample.json":{
        "baichuan2-13b-base":0.0,
        "baichuan2-13b-chat":0.4333333333,
        "baichuan2-7b-chat":0.3471428571,
        "infini-megrez-7b":0.3066666667,
        "llama-2-13b-chat":0.325,
        "llama-2-70b":0.0,
        "llama-2-70b-chat":0.4,
        "llama-2-7b-chat":0.8,
        "llama-3-8b-instruct":0.2666666667,
        "qwen-14b-chat":0.2,
        "qwen-72b":0.12,
        "qwen-72b-chat":0.44,
        "qwen-7b-chat":0.0,
        "qwen1.5-14b-chat":0.0333333333,
        "qwen1.5-72b":0.1777777778,
        "qwen1.5-7b-chat":0.0
    },
    "2-7_MAVEN-ERE_sample.json":{
        "baichuan2-13b-base":0.75,
        "baichuan2-13b-chat":0.25,
        "baichuan2-7b-chat":0.75,
        "infini-megrez-7b":0.75,
        "llama-2-13b-chat":0.75,
        "llama-2-70b":0.3571428571,
        "llama-2-70b-chat":0.75,
        "llama-2-7b-chat":1.0,
        "llama-3-8b-instruct":0.75,
        "qwen-14b-chat":0.75,
        "qwen-72b":0.75,
        "qwen-72b-chat":0.75,
        "qwen-7b-chat":1.0,
        "qwen1.5-14b-chat":1.0,
        "qwen1.5-72b":1.0,
        "qwen1.5-7b-chat":1.0
    },
    "2-8_r_DocRED_sample.json":{
        "baichuan2-13b-base":1.0,
        "baichuan2-13b-chat":0.9142857143,
        "baichuan2-7b-chat":0.6,
        "infini-megrez-7b":1.0,
        "llama-2-13b-chat":0.98,
        "llama-2-70b":0.4,
        "llama-2-70b-chat":0.9142857143,
        "llama-2-7b-chat":1.0,
        "llama-3-8b-instruct":0.9142857143,
        "qwen-14b-chat":0.8,
        "qwen-72b":1.0,
        "qwen-72b-chat":0.7,
        "qwen-7b-chat":1.0,
        "qwen1.5-14b-chat":0.575,
        "qwen1.5-72b":0.58,
        "qwen1.5-7b-chat":1.0
    },
    "3-1_hotpotqa_sample.json":{
        "baichuan2-13b-base":0.6,
        "baichuan2-13b-chat":0.6,
        "baichuan2-7b-chat":0.75,
        "infini-megrez-7b":0.6,
        "llama-2-13b-chat":0.8,
        "llama-2-70b":0.4260869565,
        "llama-2-70b-chat":1.0,
        "llama-2-7b-chat":0.6,
        "llama-3-8b-instruct":0.6,
        "qwen-14b-chat":0.6,
        "qwen-72b":0.8,
        "qwen-72b-chat":0.8,
        "qwen-7b-chat":0.6,
        "qwen1.5-14b-chat":0.6,
        "qwen1.5-72b":0.8,
        "qwen1.5-7b-chat":0.4
    },
    "3-2_2wikimultihopqa_sample.json":{
        "baichuan2-13b-base":1.0,
        "baichuan2-13b-chat":0.6,
        "baichuan2-7b-chat":0.875,
        "infini-megrez-7b":0.7,
        "llama-2-13b-chat":0.8,