{
    "1-1_2_high_freq_ent_sample.json":{
        "baichuan2-13b-base":0.6,
        "baichuan2-13b-chat":0.95,
        "baichuan2-7b-chat":0.6716666667,
        "infini-megrez-7b":0.9,
        "llama-2-13b-chat":0.88,
        "llama-2-70b":0.1982033097,
        "llama-2-70b-chat":0.96,
        "llama-2-7b-chat":0.7466666667,
        "llama-3-8b-instruct":1.0,
        "qwen-14b-chat":1.0,
        "qwen-72b":0.9,
        "qwen-72b-chat":1.0,
        "qwen-7b-chat":0.9333333333,
        "qwen1.5-14b-chat":1.0,
        "qwen1.5-72b":0.8666666667,
        "qwen1.5-7b-chat":0.7
    },
    "1-2_1_low_freq_ent_sample.json":{
        "baichuan2-13b-base":0.25,
        "baichuan2-13b-chat":1.0,
        "baichuan2-7b-chat":0.8,
        "infini-megrez-7b":0.6,
        "llama-2-13b-chat":0.7666666667,
        "llama-2-70b":0.6626984127,
        "llama-2-70b-chat":0.92,
        "llama-2-7b-chat":0.6666666667,
        "llama-3-8b-instruct":1.0,
        "qwen-14b-chat":0.4,
        "qwen-72b":0.8666666667,
        "qwen-72b-chat":0.8,
        "qwen-7b-chat":0.8,
        "qwen1.5-14b-chat":0.95,
        "qwen1.5-72b":1.0,
        "qwen1.5-7b-chat":0.8928571429
    },
    "1-3_r_1_simple_sample_sample.json":{
        "baichuan2-13b-base":0.54,
        "baichuan2-13b-chat":1.0,
        "baichuan2-7b-chat":1.0,
        "infini-megrez-7b":0.8,
        "llama-2-13b-chat":0.6285714286,
        "llama-2-70b":0.6954545455,
        "llama-2-70b-chat":0.975,
        "llama-2-7b-chat":0.65,
        "llama-3-8b-instruct":0.7666666667,
        "qwen-14b-chat":0.5,
        "qwen-72b":1.0,
        "qwen-72b-chat":0.7333333333,
        "qwen-7b-chat":0.7,
        "qwen1.5-14b-chat":0.92,
        "qwen1.5-72b":1.0,
        "qwen1.5-7b-chat":0.8166666667
    },
    "2-1_COPEN++csj_sample.json":{
        "baichuan2-13b-base":0.7571428571,
        "baichuan2-13b-chat":0.96,
        "baichuan2-7b-chat":0.9333333333,
        "infini-megrez-7b":0.8545454545,
        "llama-2-13b-chat":0.6619047619,
        "llama-2-70b":0.7538461538,
        "llama-2-70b-chat":0.6453333333,
        "llama-2-7b-chat":0.8197945845,
        "llama-3-8b-instruct":0.9454545455,
        "qwen-14b-chat":0.9428571429,
        "qwen-72b":0.9166666667,
        "qwen-72b-chat":0.8555555556,
        "qwen-7b-chat":0.9,
        "qwen1.5-14b-chat":0.6878787879,
        "qwen1.5-72b":0.95,
        "qwen1.5-7b-chat":0.8133333333
    },
    "2-2_COPEN++cpj_sample.json":{
        "baichuan2-13b-base":0.8,
        "baichuan2-13b-chat":1.0,
        "baichuan2-7b-chat":1.0,
        "infini-megrez-7b":0.9714285714,
        "llama-2-13b-chat":1.0,
        "llama-2-70b":0.5166666667,
        "llama-2-70b-chat":1.0,
        "llama-2-7b-chat":0.9428571429,
        "llama-3-8b-instruct":0.9666666667,
        "qwen-14b-chat":1.0,
        "qwen-72b":1.0,
        "qwen-72b-chat":1.0,
        "qwen-7b-chat":1.0,
        "qwen1.5-14b-chat":0.9333333333,
        "qwen1.5-72b":1.0,
        "qwen1.5-7b-chat":1.0
    },
    "2-3_COPEN++cic_sample.json":{
        "baichuan2-13b-base":0.7333333333,
        "baichuan2-13b-chat":1.0,
        "baichuan2-7b-chat":1.0,
        "infini-megrez-7b":0.8,
        "llama-2-13b-chat":1.0,
        "llama-2-70b":1.0,
        "llama-2-70b-chat":1.0,
        "llama-2-7b-chat":1.0,
        "llama-3-8b-instruct":1.0,
        "qwen-14b-chat":1.0,
        "qwen-72b":1.0,
        "qwen-72b-chat":1.0,
        "qwen-7b-chat":1.0,
        "qwen1.5-14b-chat":1.0,
        "qwen1.5-72b":1.0,
        "qwen1.5-7b-chat":1.0
    },
    "2-4_FewNERD++inter_sample.json":{
        "baichuan2-13b-base":0.6,
        "baichuan2-13b-chat":1.0,
        "baichuan2-7b-chat":0.9,
        "infini-megrez-7b":0.8102564103,
        "llama-2-13b-chat":1.0,
        "llama-2-70b":0.665942029,
        "llama-2-70b-chat":1.0,
        "llama-2-7b-chat":1.0,
        "llama-3-8b-instruct":1.0,
        "qwen-14b-chat":1.0,
        "qwen-72b":1.0,
        "qwen-72b-chat":1.0,
        "qwen-7b-chat":0.9,
        "qwen1.5-14b-chat":1.0,
        "qwen1.5-72b":1.0,
        "qwen1.5-7b-chat":1.0
    },
    "2-4_FewNERD++intra_sample.json":{
        "baichuan2-13b-base":0.45,
        "baichuan2-13b-chat":0.9777777778,
        "baichuan2-7b-chat":1.0,
        "infini-megrez-7b":0.9666666667,
        "llama-2-13b-chat":1.0,
        "llama-2-70b":0.6794871795,
        "llama-2-70b-chat":1.0,
        "llama-2-7b-chat":1.0,
        "llama-3-8b-instruct":0.9514285714,
        "qwen-14b-chat":1.0,
        "qwen-72b":0.9333333333,
        "qwen-72b-chat":1.0,
        "qwen-7b-chat":1.0,
        "qwen1.5-14b-chat":1.0,
        "qwen1.5-72b":1.0,
        "qwen1.5-7b-chat":1.0
    },
    "2-4_FewNERD++supervised_sample.json":{
        "baichuan2-13b-base":0.6888888889,
        "baichuan2-13b-chat":0.8833333333,
        "baichuan2-7b-chat":1.0,
        "infini-megrez-7b":0.95,
        "llama-2-13b-chat":1.0,
        "llama-2-70b":0.72,
        "llama-2-70b-chat":0.96,
        "llama-2-7b-chat":0.9714285714,
        "llama-3-8b-instruct":1.0,
        "qwen-14b-chat":1.0,
        "qwen-72b":0.8,
        "qwen-72b-chat":1.0,
        "qwen-7b-chat":0.95,
        "qwen1.5-14b-chat":1.0,
        "qwen1.5-72b":1.0,
        "qwen1.5-7b-chat":1.0
    },
    "2-5_DocRED_sample.json":{
        "baichuan2-13b-base":0.625,
        "baichuan2-13b-chat":0.7555555556,
        "baichuan2-7b-chat":null,
        "infini-megrez-7b":0.725,
        "llama-2-13b-chat":0.7377281588,
        "llama-2-70b":0.75,
        "llama-2-70b-chat":1.0,
        "llama-2-7b-chat":0.8,
        "llama-3-8b-instruct":1.0,
        "qwen-14b-chat":1.0,
        "qwen-72b":0.8333333333,
        "qwen-72b-chat":0.7266483516,
        "qwen-7b-chat":1.0,
        "qwen1.5-14b-chat":0.9791666667,
        "qwen1.5-72b":0.2916666667,
        "qwen1.5-7b-chat":0.8448737795
    },
    "2-6_MAVEN_sample.json":{
        "baichuan2-13b-base":0.95,
        "baichuan2-13b-chat":0.7555555556,
        "baichuan2-7b-chat":1.0,
        "infini-megrez-7b":1.0,
        "llama-2-13b-chat":0.8892857143,
        "llama-2-70b":0.85,
        "llama-2-70b-chat":1.0,
        "llama-2-7b-chat":0.5666666667,
        "llama-3-8b-instruct":1.0,
        "qwen-14b-chat":1.0,
        "qwen-72b":0.9028571429,
        "qwen-72b-chat":0.8,
        "qwen-7b-chat":1.0,
        "qwen1.5-14b-chat":0.95,
        "qwen1.5-72b":0.9333333333,
        "qwen1.5-7b-chat":1.0
    },
    "2-7_MAVEN-ERE_sample.json":{
        "baichuan2-13b-base":0.5208333333,
        "baichuan2-13b-chat":1.0,
        "baichuan2-7b-chat":0.875,
        "infini-megrez-7b":0.8511904762,
        "llama-2-13b-chat":0.9,
        "llama-2-70b":0.3,
        "llama-2-70b-chat":0.9375,
        "llama-2-7b-chat":0.6583333333,
        "llama-3-8b-instruct":0.9375,
        "qwen-14b-chat":1.0,
        "qwen-72b":0.675,
        "qwen-72b-chat":0.875,
        "qwen-7b-chat":0.875,
        "qwen1.5-14b-chat":0.775,
        "qwen1.5-72b":1.0,
        "qwen1.5-7b-chat":0.825
    },
    "2-8_r_DocRED_sample.json":{
        "baichuan2-13b-base":0.1388888889,
        "baichuan2-13b-chat":0.9230769231,
        "baichuan2-7b-chat":0.9166666667,
        "infini-megrez-7b":0.4722222222,
        "llama-2-13b-chat":0.7820512821,
        "llama-2-70b":0.6,
        "llama-2-70b-chat":0.7888888889,
        "llama-2-7b-chat":0.65,
        "llama-3-8b-instruct":0.8333333333,
        "qwen-14b-chat":1.0,
        "qwen-72b":1.0,
        "qwen-72b-chat":0.9,
        "qwen-7b-chat":0.8115079365,
        "qwen1.5-14b-chat":0.8705925926,
        "qwen1.5-72b":0.8888888889,
        "qwen1.5-7b-chat":0.6
    },
    "3-1_hotpotqa_sample.json":{
        "baichuan2-13b-base":0.4066666667,
        "baichuan2-13b-chat":1.0,
        "baichuan2-7b-chat":1.0,
        "infini-megrez-7b":0.8833333333,
        "llama-2-13b-chat":0.9666666667,
        "llama-2-70b":0.9006451613,
        "llama-2-70b-chat":0.5433333333,
        "llama-2-7b-chat":1.0,
        "llama-3-8b-instruct":0.8,
        "qwen-14b-chat":0.8,