{"accuracy":{"qwen-72b":0.8848057733,"qwen-72b-chat":0.8245408189,"qwen1.5-72b":0.7730677963,"qwen1.5-14b-chat":0.6854890736,"qwen-14b-chat":0.6165127761,"qwen1.5-7b-chat":0.5992083337,"baichuan2-13b-chat":0.586261792,"qwen-7b-chat":0.5183051087,"baichuan2-7b-chat":0.3263720898,"llama-2-13b-chat":0.3780362864,"llama-2-70b":0.2951895799,"llama-2-7b-chat":0.2542020067,"baichuan2-13b-base":0.2180370741,"infini-megrez-7b":0.1189979882},"syntax_error":{"qwen-72b":0.0157678571,"qwen-72b-chat":0.0,"qwen1.5-72b":0.0106505102,"qwen1.5-14b-chat":0.0357142857,"qwen-14b-chat":0.0714285714,"qwen1.5-7b-chat":0.0014093407,"baichuan2-13b-chat":0.1641136364,"qwen-7b-chat":0.0700828621,"baichuan2-7b-chat":0.2195797697,"llama-2-13b-chat":0.0915730462,"llama-2-70b":0.2433291623,"llama-2-7b-chat":0.2711980519,"baichuan2-13b-base":0.068168448,"infini-megrez-7b":0.5077726445},"pass":{"qwen-72b":0.75,"qwen-72b-chat":0.6785714286,"qwen1.5-72b":0.5,"qwen1.5-14b-chat":0.4642857143,"qwen-14b-chat":0.3928571429,"qwen1.5-7b-chat":0.3571428571,"baichuan2-13b-chat":0.3214285714,"qwen-7b-chat":0.2142857143,"baichuan2-7b-chat":0.1785714286,"llama-2-13b-chat":0.1428571429,"llama-2-70b":0.1428571429,"llama-2-7b-chat":0.1428571429,"baichuan2-13b-base":0.0714285714,"infini-megrez-7b":0.0},"AC":{"qwen-72b":21,"qwen-72b-chat":19,"qwen1.5-72b":14,"qwen1.5-14b-chat":13,"qwen-14b-chat":11,"qwen1.5-7b-chat":10,"baichuan2-13b-chat":9,"qwen-7b-chat":6,"baichuan2-7b-chat":5,"llama-2-13b-chat":4,"llama-2-70b":4,"llama-2-7b-chat":4,"baichuan2-13b-base":2,"infini-megrez-7b":0}}