{
    "Accuracy":{
        "baichuan2-13b-base":0.36,
        "baichuan2-13b-chat":0.54,
        "baichuan2-7b-chat":0.48,
        "infini-megrez-7b":0.38,
        "llama-2-13b-chat":0.38,
        "llama-2-7b-chat":0.42,
        "qwen-14b-chat":0.7,
        "qwen-72b":0.62,
        "qwen-72b-chat":0.68,
        "qwen-7b-chat":0.54,
        "qwen1.5-14b-chat":0.72,
        "qwen1.5-72b":0.72,
        "qwen1.5-7b-chat":0.54
    },
    "Nan_Ratio":{
        "baichuan2-13b-base":0.06,
        "baichuan2-13b-chat":0.0,
        "baichuan2-7b-chat":0.0,
        "infini-megrez-7b":0.08,
        "llama-2-13b-chat":0.0,
        "llama-2-7b-chat":0.0,
        "qwen-14b-chat":0.0,
        "qwen-72b":0.0,
        "qwen-72b-chat":0.0,
        "qwen-7b-chat":0.0,
        "qwen1.5-14b-chat":0.0,
        "qwen1.5-72b":0.02,
        "qwen1.5-7b-chat":0.0
    },
    "RE_List":{
        "baichuan2-13b-base":[
            0.0,
            0.0,
            0.0,
            0.0,
            1.0,
            0.0,
            0.0,
            0.0,
            0.0,
            0.0,
            0.2512562814,
            0.0000000902,
            10,
            10,
            0.0,
            0.6153846154,
            0.2222222222,
            0.0074,
            0.0,
            0.625,
            0.0,
            0.0200501253,
            0.0029325513,
            0.0,
            0.0,
            0.0,
            0.0004085578,
            9.0991821089,
            0.0043098593,
            0.0002,
            0.0107,
            9.1407593739,
            8.9999200006,
            0.0,
            0.0,
            0.0806373022,
            0.9243842237,
            0.9872093867,
            2.141592653,
            10,
            10,
            0.0015117158,
            1.7669115542,
            0.0429,
            1.0,
            1.5,
            0.4074,
            1.0634202053,
            10,
            1.7146508254
        ],
        "baichuan2-13b-chat":[
            0.0,
            0.0,
            0.0,
            0.0,
            0.0,
            0.0,
            0.0,
            0.0,
            0.0,
            0.0,
            0.0,
            0.1652802886,
            0.000036339,
            0.0000001195,
            0.0,
            0.0,
            0.0,
            0.0,
            0.0,
            0.0,
            0.0,
            0.0,
            0.0,
            0.0,
            0.0,
            0.0,
            0.0006518863,
            0.98997748,
            0.0105318215,
            0.0192,
            0.0,
            0.0704303907,
            0.0000079999,
            0.0,
            0.0,
            0.172573572,
            0.9819981658,
            0.9859483265,
            2.1415926536,
            1.0,
            0.8632,
            0.0054183044,
            10,
            2.7071,
            1.0,
            1.5,
            0.4226,
            0.5415578112,
            2.0135025533,
            0.1086551081
        ],
        "baichuan2-7b-chat":[
            0.0,
            0.0,
            0.0,
            0.0,
            1.3333333333,
            0.3401360544,
            0.0,
            0.0,
            0.0,
            0.1222493888,
            0.0,
            0.0,
            0.0,
            0.0000000612,
            0.0,
            0.0,
            0.0,
            0.0,
            0.198,
            0.0,
            0.0,
            0.0,
            0.0,
            0.0,
            0.0,
            0.0,
            0.9000399317,
            8.8235873868,
            0.8993908924,
            0.0024398362,
            0.0000454545,
            0.0141919217,
            5.4799481604,
            0.0,
            0.0,
            0.8387162019,
            0.9739592534,
            0.9584574469,
            0.0,
            1.0,
            0.8632,
            10,
            0.9045892568,
            1.2071,
            1.0,
            1.5,
            0.4226,
            0.4318142812,
            0.6434696606,
            0.0699247082
        ],
        "infini-megrez-7b":[
            0.0,
            0.0,
            0.0,
            0.0,
            10,
            0.0,
            0.0,
            0.0,
            0.0,
            0.1295843521,
            2.0,
            0.9999183638,
            10,
            0.5075955023,
            0.0,
            0.0,
            1.7777777778,
            0.0926,
            0.099,
            0.0,
            0.0,
            0.007518797,
            0.0117302053,
            0.0,
            0.0,
            0.0,
            0.9000412923,
            9.2204423808,
            0.9897139073,
            0.0072,
            0.0000454545,
            0.0140984724,
            0.0000082799,
            0.0,
            0.0,
            10,
            0.9851252776,
            0.9951406627,
            2.0,
            10,
            10,
            0.0044953591,
            2.053143784,
            0.5774,
            0.0429,
            10,
            1.2071,
            0.1382669073,
            0.0513667768,
            0.6546245769
        ],
        "llama-2-13b-chat":[
            0.0,
            0.0,
            0.0,
            0.0,
            0.0,
            0.0,
            0.0,
            0.0,
            0.0042796006,
            0.0,
            0.0251256281,
            0.000064417,
            2.1298389638,
            4.8991340634,
            0.0,
            0.0,
            0.0,
            0.0148,
            0.198,
            0.0,
            0.0,
            0.0426065163,
            0.0058651026,
            0.0,
            0.0,
            0.0,
            0.0004260065,
            0.8986244155,
            0.8998764717,
            1.8072,
            3.5455,
            0.0704303907,
            0.28000576,
            0.0,
            0.0,
            0.0806373022,
            0.9247284013,
            0.9581766316,
            2.14,
            1.0,
            0.0102,
            0.0047871,
            0.0018128041,
            0.158925404,
            1.0,
            1.5,
            0.8426,
            0.3495617672,
            0.5019525383,
            0.0361262693
        ],
        "llama-2-7b-chat":[
            0.0,
            0.0,
            0.0,
            0.0,
            0.0,
            0.0,
            0.0,
            0.0,
            0.0071326676,
            0.0,
            0.2512562814,
            0.0004345879,
            2.1298212463,
            0.5343423125,
            1.2,
            0.0,
            0.0,
            0.004,
            0.009,
            0.0,
            0.0,
            0.0125313283,
            0.0029325513,
            0.0,
            0.0,
            0.0,
            0.989981975,
            0.9898819799,
            0.9034317441,
            0.00079,
            0.0095,
            0.0084590834,
            0.0000079999,
            0.0,
            0.0,
            0.3952616047,
            10,
            0.9951406627,
            0.0,
            1.4669624095,
            0.0132,
            0.0078105316,
            0.0275737048,
            0.2929,
            1.0,
            1.5,
            0.5774,
            0.3495617672,
            2.1045358967,
            0.0361262693
        ],